[
{
  "fields": {
    "model": "logentry",
    "app_label": "admin"
  },
  "model": "contenttypes.contenttype",
  "pk": 1
},
{
  "fields": {
    "model": "permission",
    "app_label": "auth"
  },
  "model": "contenttypes.contenttype",
  "pk": 2
},
{
  "fields": {
    "model": "group",
    "app_label": "auth"
  },
  "model": "contenttypes.contenttype",
  "pk": 3
},
{
  "fields": {
    "model": "user",
    "app_label": "auth"
  },
  "model": "contenttypes.contenttype",
  "pk": 4
},
{
  "fields": {
    "model": "contenttype",
    "app_label": "contenttypes"
  },
  "model": "contenttypes.contenttype",
  "pk": 5
},
{
  "fields": {
    "model": "session",
    "app_label": "sessions"
  },
  "model": "contenttypes.contenttype",
  "pk": 6
},
{
  "fields": {
    "model": "company",
    "app_label": "orders"
  },
  "model": "contenttypes.contenttype",
  "pk": 7
},
{
  "fields": {
    "model": "debil",
    "app_label": "orders"
  },
  "model": "contenttypes.contenttype",
  "pk": 8
},
{
  "fields": {
    "model": "crust",
    "app_label": "orders"
  },
  "model": "contenttypes.contenttype",
  "pk": 9
},
{
  "fields": {
    "model": "pizza",
    "app_label": "orders"
  },
  "model": "contenttypes.contenttype",
  "pk": 10
},
{
  "fields": {
    "model": "order",
    "app_label": "orders"
  },
  "model": "contenttypes.contenttype",
  "pk": 11
},
{
  "fields": {
    "model": "pizzaorder",
    "app_label": "orders"
  },
  "model": "contenttypes.contenttype",
  "pk": 12
},
{
  "fields": {
    "expire_date": "2015-05-01T21:26:17.067Z",
    "session_data": "MDI5ZjE2YjgxZTVhMDk0MDBjNmI5Zjg3ODYwMTJmYzU5Zjg3YTA2YTp7Il9hdXRoX3VzZXJfaGFzaCI6IjMxNjdiOTY3MjM5OWI2ODRkN2M1ZjJlNzUyYWU5Yzk0NjI3MzliM2IiLCJfYXV0aF91c2VyX2JhY2tlbmQiOiJkamFuZ28uY29udHJpYi5hdXRoLmJhY2tlbmRzLk1vZGVsQmFja2VuZCIsIl9hdXRoX3VzZXJfaWQiOiIxIn0="
  },
  "model": "sessions.session",
  "pk": "lo1ztldvi47aq5bni54hq9d3cvevdy0h"
},
{
  "fields": {
    "name": "AnyFetch"
  },
  "model": "orders.company",
  "pk": 1
},
{
  "fields": {
    "name": "Copromatic"
  },
  "model": "orders.company",
  "pk": 2
},
{
  "fields": {
    "name": "Kids Ok"
  },
  "model": "orders.company",
  "pk": 3
},
{
  "fields": {
    "name": "Kidygo"
  },
  "model": "orders.company",
  "pk": 4
},
{
  "fields": {
    "name": "Anona"
  },
  "model": "orders.company",
  "pk": 5
},
{
  "fields": {
    "name": "BoostInLyon"
  },
  "model": "orders.company",
  "pk": 6
},
{
  "fields": {
    "name": "Ast\u00e9risque Digital"
  },
  "model": "orders.company",
  "pk": 7
},
{
  "fields": {
    "name": "Bealder"
  },
  "model": "orders.company",
  "pk": 8
},
{
  "fields": {
    "name": "Degust&co"
  },
  "model": "orders.company",
  "pk": 9
},
{
  "fields": {
    "name": "Putnami"
  },
  "model": "orders.company",
  "pk": 10
},
{
  "fields": {
    "name": "The Place To Bike"
  },
  "model": "orders.company",
  "pk": 11
},
{
  "fields": {
    "name": "De Rigueur"
  },
  "model": "orders.company",
  "pk": 12
},
{
  "fields": {
    "name": "Flowr"
  },
  "model": "orders.company",
  "pk": 13
},
{
  "fields": {
    "name": "Monsieur Gourmand"
  },
  "model": "orders.company",
  "pk": 14
},
{
  "fields": {
    "company": 1,
    "name": "Hugo"
  },
  "model": "orders.debil",
  "pk": 1
},
{
  "fields": {
    "company": 1,
    "name": "Matthieu"
  },
  "model": "orders.debil",
  "pk": 2
},
{
  "fields": {
    "company": 1,
    "name": "Mehdi"
  },
  "model": "orders.debil",
  "pk": 3
},
{
  "fields": {
    "company": 2,
    "name": "R\u00e9mi"
  },
  "model": "orders.debil",
  "pk": 4
},
{
  "fields": {
    "company": 1,
    "name": "Antonin"
  },
  "model": "orders.debil",
  "pk": 5
},
{
  "fields": {
    "company": 1,
    "name": "Antoine"
  },
  "model": "orders.debil",
  "pk": 6
},
{
  "fields": {
    "company": 2,
    "name": "L\u00e9opold"
  },
  "model": "orders.debil",
  "pk": 7
},
{
  "fields": {
    "company": 4,
    "name": "Thomas"
  },
  "model": "orders.debil",
  "pk": 8
},
{
  "fields": {
    "company": 4,
    "name": "Joanna"
  },
  "model": "orders.debil",
  "pk": 9
},
{
  "fields": {
    "company": 6,
    "name": "Jade"
  },
  "model": "orders.debil",
  "pk": 10
},
{
  "fields": {
    "company": 6,
    "name": "Carole"
  },
  "model": "orders.debil",
  "pk": 11
},
{
  "fields": {
    "company": 7,
    "name": "Benoit"
  },
  "model": "orders.debil",
  "pk": 12
},
{
  "fields": {
    "company": 7,
    "name": "Julien"
  },
  "model": "orders.debil",
  "pk": 13
},
{
  "fields": {
    "company": 8,
    "name": "JulienE"
  },
  "model": "orders.debil",
  "pk": 14
},
{
  "fields": {
    "company": 13,
    "name": "JB"
  },
  "model": "orders.debil",
  "pk": 15
},
{
  "fields": {
    "company": 14,
    "name": "Nathan"
  },
  "model": "orders.debil",
  "pk": 16
},
{
  "fields": {
    "company": 5,
    "name": "Morgan"
  },
  "model": "orders.debil",
  "pk": 17
},
{
  "fields": {
    "company": 5,
    "name": "Fred"
  },
  "model": "orders.debil",
  "pk": 18
},
{
  "fields": {
    "company": 3,
    "name": "Alexandre"
  },
  "model": "orders.debil",
  "pk": 19
},
{
  "fields": {
    "overprice": 0.0,
    "name": "Fine"
  },
  "model": "orders.crust",
  "pk": 1
},
{
  "fields": {
    "overprice": 0.0,
    "name": "Classique"
  },
  "model": "orders.crust",
  "pk": 2
},
{
  "fields": {
    "overprice": 2.0,
    "name": "Pan"
  },
  "model": "orders.crust",
  "pk": 3
},
{
  "fields": {
    "overprice": 2.0,
    "name": "Mozza Crust"
  },
  "model": "orders.crust",
  "pk": 4
},
{
  "fields": {
    "url": "http://pizza.dominos.fr/les-details-du-produit/pizzas/la-basquaise",
    "price": 6.0,
    "name": "Basquaise"
  },
  "model": "orders.pizza",
  "pk": 1
},
{
  "fields": {
    "url": "http://pizza.dominos.fr/les-details-du-produit/pizzas/la-provencale",
    "price": 6.0,
    "name": "Proven\u00e7ale"
  },
  "model": "orders.pizza",
  "pk": 2
},
{
  "fields": {
    "url": "http://pizza.dominos.fr/les-details-du-produit/pizzas/margherita",
    "price": 5.0,
    "name": "Margherita"
  },
  "model": "orders.pizza",
  "pk": 3
},
{
  "fields": {
    "url": "http://pizza.dominos.fr/les-details-du-produit/pizzas/margherita-emmental",
    "price": 5.0,
    "name": "Margherita emmental"
  },
  "model": "orders.pizza",
  "pk": 4
},
{
  "fields": {
    "url": "http://pizza.dominos.fr/les-details-du-produit/pizzas/margherita-tomates-fraiches",
    "price": 5.0,
    "name": "Margherita tomates fraiches"
  },
  "model": "orders.pizza",
  "pk": 5
},
{
  "fields": {
    "url": "http://pizza.dominos.fr/les-details-du-produit/pizzas/la-reine",
    "price": 5.0,
    "name": "Reine"
  },
  "model": "orders.pizza",
  "pk": 6
},
{
  "fields": {
    "url": "http://pizza.dominos.fr/les-details-du-produit/pizzas/peppina",
    "price": 5.0,
    "name": "Peppina"
  },
  "model": "orders.pizza",
  "pk": 7
},
{
  "fields": {
    "url": "http://pizza.dominos.fr/les-details-du-produit/pizzas/l-orientale",
    "price": 5.0,
    "name": "Orientale"
  },
  "model": "orders.pizza",
  "pk": 8
},
{
  "fields": {
    "url": "http://pizza.dominos.fr/les-details-du-produit/pizzas/l-australienne",
    "price": 5.0,
    "name": "Australienne"
  },
  "model": "orders.pizza",
  "pk": 9
},
{
  "fields": {
    "url": "http://pizza.dominos.fr/les-details-du-produit/pizzas/la-forestiere",
    "price": 6.0,
    "name": "Foresti\u00e8re"
  },
  "model": "orders.pizza",
  "pk": 10
},
{
  "fields": {
    "url": "http://pizza.dominos.fr/les-details-du-produit/pizzas/l-indienne",
    "price": 5.0,
    "name": "Indienne"
  },
  "model": "orders.pizza",
  "pk": 11
},
{
  "fields": {
    "url": "http://pizza.dominos.fr/les-details-du-produit/pizzas/la-cannibale",
    "price": 6.0,
    "name": "Cannibale"
  },
  "model": "orders.pizza",
  "pk": 12
},
{
  "fields": {
    "url": "http://pizza.dominos.fr/les-details-du-produit/pizzas/chickenita-pepperoni",
    "price": 6.0,
    "name": "Chickenita pepperoni"
  },
  "model": "orders.pizza",
  "pk": 13
},
{
  "fields": {
    "url": "http://pizza.dominos.fr/les-details-du-produit/pizzas/bacon-groovy",
    "price": 6.0,
    "name": "Bacon Groovy"
  },
  "model": "orders.pizza",
  "pk": 14
},
{
  "fields": {
    "url": "http://pizza.dominos.fr/les-details-du-produit/pizzas/la-steak-cheese",
    "price": 5.0,
    "name": "Steak & Cheese"
  },
  "model": "orders.pizza",
  "pk": 15
},
{
  "fields": {
    "url": "http://pizza.dominos.fr/les-details-du-produit/pizzas/hypnotika",
    "price": 5.0,
    "name": "Hypnotika"
  },
  "model": "orders.pizza",
  "pk": 16
},
{
  "fields": {
    "url": "http://pizza.dominos.fr/les-details-du-produit/pizzas/saumoneta",
    "price": 6.0,
    "name": "Saumonet\u00e4"
  },
  "model": "orders.pizza",
  "pk": 17
},
{
  "fields": {
    "url": "http://pizza.dominos.fr/les-details-du-produit/pizzas/la-savoyarde",
    "price": 6.0,
    "name": "Savoyarde"
  },
  "model": "orders.pizza",
  "pk": 18
},
{
  "fields": {
    "url": "http://pizza.dominos.fr/les-details-du-produit/pizzas/la-4-fromages-base-sauce-tomate",
    "price": 6.0,
    "name": "4 fromages base tomate"
  },
  "model": "orders.pizza",
  "pk": 19
},
{
  "fields": {
    "url": "http://pizza.dominos.fr/les-details-du-produit/pizzas/la-4-fromages-base-creme-fraiche",
    "price": 6.0,
    "name": "4 fromages base cr\u00e8me fraiche"
  },
  "model": "orders.pizza",
  "pk": 20
},
{
  "fields": {
    "url": "http://pizza.dominos.fr/les-details-du-produit/pizzas/extravaganzza",
    "price": 6.0,
    "name": "Extravaganzza"
  },
  "model": "orders.pizza",
  "pk": 21
},
{
  "fields": {
    "date": "2015-04-23",
    "open": true
  },
  "model": "orders.order",
  "pk": 1
},
{
  "fields": {
    "codename": "add_logentry",
    "name": "Can add log entry",
    "content_type": 1
  },
  "model": "auth.permission",
  "pk": 1
},
{
  "fields": {
    "codename": "change_logentry",
    "name": "Can change log entry",
    "content_type": 1
  },
  "model": "auth.permission",
  "pk": 2
},
{
  "fields": {
    "codename": "delete_logentry",
    "name": "Can delete log entry",
    "content_type": 1
  },
  "model": "auth.permission",
  "pk": 3
},
{
  "fields": {
    "codename": "add_permission",
    "name": "Can add permission",
    "content_type": 2
  },
  "model": "auth.permission",
  "pk": 4
},
{
  "fields": {
    "codename": "change_permission",
    "name": "Can change permission",
    "content_type": 2
  },
  "model": "auth.permission",
  "pk": 5
},
{
  "fields": {
    "codename": "delete_permission",
    "name": "Can delete permission",
    "content_type": 2
  },
  "model": "auth.permission",
  "pk": 6
},
{
  "fields": {
    "codename": "add_group",
    "name": "Can add group",
    "content_type": 3
  },
  "model": "auth.permission",
  "pk": 7
},
{
  "fields": {
    "codename": "change_group",
    "name": "Can change group",
    "content_type": 3
  },
  "model": "auth.permission",
  "pk": 8
},
{
  "fields": {
    "codename": "delete_group",
    "name": "Can delete group",
    "content_type": 3
  },
  "model": "auth.permission",
  "pk": 9
},
{
  "fields": {
    "codename": "add_user",
    "name": "Can add user",
    "content_type": 4
  },
  "model": "auth.permission",
  "pk": 10
},
{
  "fields": {
    "codename": "change_user",
    "name": "Can change user",
    "content_type": 4
  },
  "model": "auth.permission",
  "pk": 11
},
{
  "fields": {
    "codename": "delete_user",
    "name": "Can delete user",
    "content_type": 4
  },
  "model": "auth.permission",
  "pk": 12
},
{
  "fields": {
    "codename": "add_contenttype",
    "name": "Can add content type",
    "content_type": 5
  },
  "model": "auth.permission",
  "pk": 13
},
{
  "fields": {
    "codename": "change_contenttype",
    "name": "Can change content type",
    "content_type": 5
  },
  "model": "auth.permission",
  "pk": 14
},
{
  "fields": {
    "codename": "delete_contenttype",
    "name": "Can delete content type",
    "content_type": 5
  },
  "model": "auth.permission",
  "pk": 15
},
{
  "fields": {
    "codename": "add_session",
    "name": "Can add session",
    "content_type": 6
  },
  "model": "auth.permission",
  "pk": 16
},
{
  "fields": {
    "codename": "change_session",
    "name": "Can change session",
    "content_type": 6
  },
  "model": "auth.permission",
  "pk": 17
},
{
  "fields": {
    "codename": "delete_session",
    "name": "Can delete session",
    "content_type": 6
  },
  "model": "auth.permission",
  "pk": 18
},
{
  "fields": {
    "codename": "add_company",
    "name": "Can add company",
    "content_type": 7
  },
  "model": "auth.permission",
  "pk": 19
},
{
  "fields": {
    "codename": "change_company",
    "name": "Can change company",
    "content_type": 7
  },
  "model": "auth.permission",
  "pk": 20
},
{
  "fields": {
    "codename": "delete_company",
    "name": "Can delete company",
    "content_type": 7
  },
  "model": "auth.permission",
  "pk": 21
},
{
  "fields": {
    "codename": "add_debil",
    "name": "Can add debil",
    "content_type": 8
  },
  "model": "auth.permission",
  "pk": 22
},
{
  "fields": {
    "codename": "change_debil",
    "name": "Can change debil",
    "content_type": 8
  },
  "model": "auth.permission",
  "pk": 23
},
{
  "fields": {
    "codename": "delete_debil",
    "name": "Can delete debil",
    "content_type": 8
  },
  "model": "auth.permission",
  "pk": 24
},
{
  "fields": {
    "codename": "add_crust",
    "name": "Can add crust",
    "content_type": 9
  },
  "model": "auth.permission",
  "pk": 25
},
{
  "fields": {
    "codename": "change_crust",
    "name": "Can change crust",
    "content_type": 9
  },
  "model": "auth.permission",
  "pk": 26
},
{
  "fields": {
    "codename": "delete_crust",
    "name": "Can delete crust",
    "content_type": 9
  },
  "model": "auth.permission",
  "pk": 27
},
{
  "fields": {
    "codename": "add_pizza",
    "name": "Can add pizza",
    "content_type": 10
  },
  "model": "auth.permission",
  "pk": 28
},
{
  "fields": {
    "codename": "change_pizza",
    "name": "Can change pizza",
    "content_type": 10
  },
  "model": "auth.permission",
  "pk": 29
},
{
  "fields": {
    "codename": "delete_pizza",
    "name": "Can delete pizza",
    "content_type": 10
  },
  "model": "auth.permission",
  "pk": 30
},
{
  "fields": {
    "codename": "add_order",
    "name": "Can add order",
    "content_type": 11
  },
  "model": "auth.permission",
  "pk": 31
},
{
  "fields": {
    "codename": "change_order",
    "name": "Can change order",
    "content_type": 11
  },
  "model": "auth.permission",
  "pk": 32
},
{
  "fields": {
    "codename": "delete_order",
    "name": "Can delete order",
    "content_type": 11
  },
  "model": "auth.permission",
  "pk": 33
},
{
  "fields": {
    "codename": "add_pizzaorder",
    "name": "Can add pizza order",
    "content_type": 12
  },
  "model": "auth.permission",
  "pk": 34
},
{
  "fields": {
    "codename": "change_pizzaorder",
    "name": "Can change pizza order",
    "content_type": 12
  },
  "model": "auth.permission",
  "pk": 35
},
{
  "fields": {
    "codename": "delete_pizzaorder",
    "name": "Can delete pizza order",
    "content_type": 12
  },
  "model": "auth.permission",
  "pk": 36
},
{
  "fields": {
    "username": "boostinlyon",
    "first_name": "",
    "last_name": "",
    "is_active": true,
    "is_superuser": true,
    "is_staff": true,
    "last_login": "2015-04-17T21:26:16.925Z",
    "groups": [],
    "user_permissions": [],
    "password": "pbkdf2_sha256$20000$bknBPpViS9PI$DcQKO2MUWr/+4d+23fW4Cmb5g7fjvcf5edciwn3EPEc=",
    "email": "",
    "date_joined": "2015-04-17T21:22:25.436Z"
  },
  "model": "auth.user",
  "pk": 1
},
{
  "fields": {
    "action_flag": 1,
    "action_time": "2015-04-17T21:36:26.020Z",
    "object_repr": "Fine (+0\u20ac)",
    "object_id": "1",
    "change_message": "",
    "user": 1,
    "content_type": 9
  },
  "model": "admin.logentry",
  "pk": 1
},
{
  "fields": {
    "action_flag": 1,
    "action_time": "2015-04-17T21:36:30.201Z",
    "object_repr": "Classique (+0\u20ac)",
    "object_id": "2",
    "change_message": "",
    "user": 1,
    "content_type": 9
  },
  "model": "admin.logentry",
  "pk": 2
},
{
  "fields": {
    "action_flag": 1,
    "action_time": "2015-04-17T21:36:35.851Z",
    "object_repr": "Pan (+2\u20ac)",
    "object_id": "3",
    "change_message": "",
    "user": 1,
    "content_type": 9
  },
  "model": "admin.logentry",
  "pk": 3
},
{
  "fields": {
    "action_flag": 1,
    "action_time": "2015-04-17T21:36:49.205Z",
    "object_repr": "Mozza Crust (+2\u20ac)",
    "object_id": "4",
    "change_message": "",
    "user": 1,
    "content_type": 9
  },
  "model": "admin.logentry",
  "pk": 4
},
{
  "fields": {
    "action_flag": 1,
    "action_time": "2015-04-17T21:40:23.681Z",
    "object_repr": "Basquaise (6\u20ac)",
    "object_id": "1",
    "change_message": "",
    "user": 1,
    "content_type": 10
  },
  "model": "admin.logentry",
  "pk": 5
},
{
  "fields": {
    "action_flag": 1,
    "action_time": "2015-04-17T21:41:08.646Z",
    "object_repr": "Proven\u00e7ale (6\u20ac)",
    "object_id": "2",
    "change_message": "",
    "user": 1,
    "content_type": 10
  },
  "model": "admin.logentry",
  "pk": 6
},
{
  "fields": {
    "action_flag": 1,
    "action_time": "2015-04-17T21:42:19.558Z",
    "object_repr": "Margherita (5\u20ac)",
    "object_id": "3",
    "change_message": "",
    "user": 1,
    "content_type": 10
  },
  "model": "admin.logentry",
  "pk": 7
},
{
  "fields": {
    "action_flag": 1,
    "action_time": "2015-04-17T21:42:36.196Z",
    "object_repr": "Margherita emmental (5\u20ac)",
    "object_id": "4",
    "change_message": "",
    "user": 1,
    "content_type": 10
  },
  "model": "admin.logentry",
  "pk": 8
},
{
  "fields": {
    "action_flag": 1,
    "action_time": "2015-04-17T21:42:55.601Z",
    "object_repr": "Margherita tomates fraiches (5\u20ac)",
    "object_id": "5",
    "change_message": "",
    "user": 1,
    "content_type": 10
  },
  "model": "admin.logentry",
  "pk": 9
},
{
  "fields": {
    "action_flag": 1,
    "action_time": "2015-04-17T21:43:08.133Z",
    "object_repr": "Reine (5\u20ac)",
    "object_id": "6",
    "change_message": "",
    "user": 1,
    "content_type": 10
  },
  "model": "admin.logentry",
  "pk": 10
},
{
  "fields": {
    "action_flag": 1,
    "action_time": "2015-04-17T21:43:19.593Z",
    "object_repr": "Peppina (5\u20ac)",
    "object_id": "7",
    "change_message": "",
    "user": 1,
    "content_type": 10
  },
  "model": "admin.logentry",
  "pk": 11
},
{
  "fields": {
    "action_flag": 1,
    "action_time": "2015-04-17T21:43:32.430Z",
    "object_repr": "Orientale (5\u20ac)",
    "object_id": "8",
    "change_message": "",
    "user": 1,
    "content_type": 10
  },
  "model": "admin.logentry",
  "pk": 12
},
{
  "fields": {
    "action_flag": 1,
    "action_time": "2015-04-17T21:43:48.336Z",
    "object_repr": "Australienne (5\u20ac)",
    "object_id": "9",
    "change_message": "",
    "user": 1,
    "content_type": 10
  },
  "model": "admin.logentry",
  "pk": 13
},
{
  "fields": {
    "action_flag": 1,
    "action_time": "2015-04-17T21:43:57.963Z",
    "object_repr": "Foresti\u00e8re (6\u20ac)",
    "object_id": "10",
    "change_message": "",
    "user": 1,
    "content_type": 10
  },
  "model": "admin.logentry",
  "pk": 14
},
{
  "fields": {
    "action_flag": 1,
    "action_time": "2015-04-17T21:44:20.632Z",
    "object_repr": "Indienne (5\u20ac)",
    "object_id": "11",
    "change_message": "",
    "user": 1,
    "content_type": 10
  },
  "model": "admin.logentry",
  "pk": 15
},
{
  "fields": {
    "action_flag": 1,
    "action_time": "2015-04-17T21:45:12.733Z",
    "object_repr": "Cannibale (6\u20ac)",
    "object_id": "12",
    "change_message": "",
    "user": 1,
    "content_type": 10
  },
  "model": "admin.logentry",
  "pk": 16
},
{
  "fields": {
    "action_flag": 1,
    "action_time": "2015-04-17T21:45:38.925Z",
    "object_repr": "Chickenita pepperoni (6\u20ac)",
    "object_id": "13",
    "change_message": "",
    "user": 1,
    "content_type": 10
  },
  "model": "admin.logentry",
  "pk": 17
},
{
  "fields": {
    "action_flag": 1,
    "action_time": "2015-04-17T21:45:50.371Z",
    "object_repr": "Bacon Groovy (6\u20ac)",
    "object_id": "14",
    "change_message": "",
    "user": 1,
    "content_type": 10
  },
  "model": "admin.logentry",
  "pk": 18
},
{
  "fields": {
    "action_flag": 1,
    "action_time": "2015-04-17T21:46:15.349Z",
    "object_repr": "Steak & Cheese (5\u20ac)",
    "object_id": "15",
    "change_message": "",
    "user": 1,
    "content_type": 10
  },
  "model": "admin.logentry",
  "pk": 19
},
{
  "fields": {
    "action_flag": 1,
    "action_time": "2015-04-17T21:46:25.802Z",
    "object_repr": "Hypnotika (5\u20ac)",
    "object_id": "16",
    "change_message": "",
    "user": 1,
    "content_type": 10
  },
  "model": "admin.logentry",
  "pk": 20
},
{
  "fields": {
    "action_flag": 1,
    "action_time": "2015-04-17T21:46:39.261Z",
    "object_repr": "Saumonet\u00e4 (6\u20ac)",
    "object_id": "17",
    "change_message": "",
    "user": 1,
    "content_type": 10
  },
  "model": "admin.logentry",
  "pk": 21
},
{
  "fields": {
    "action_flag": 1,
    "action_time": "2015-04-17T21:46:54.095Z",
    "object_repr": "Savoyarde (6\u20ac)",
    "object_id": "18",
    "change_message": "",
    "user": 1,
    "content_type": 10
  },
  "model": "admin.logentry",
  "pk": 22
},
{
  "fields": {
    "action_flag": 1,
    "action_time": "2015-04-17T21:47:14.336Z",
    "object_repr": "4 fromages base tomate (6\u20ac)",
    "object_id": "19",
    "change_message": "",
    "user": 1,
    "content_type": 10
  },
  "model": "admin.logentry",
  "pk": 23
},
{
  "fields": {
    "action_flag": 1,
    "action_time": "2015-04-17T21:47:32.476Z",
    "object_repr": "4 fromages base cr\u00e8me fraiche (6\u20ac)",
    "object_id": "20",
    "change_message": "",
    "user": 1,
    "content_type": 10
  },
  "model": "admin.logentry",
  "pk": 24
},
{
  "fields": {
    "action_flag": 1,
    "action_time": "2015-04-17T21:47:42.655Z",
    "object_repr": "Extravaganzza (6\u20ac)",
    "object_id": "21",
    "change_message": "",
    "user": 1,
    "content_type": 10
  },
  "model": "admin.logentry",
  "pk": 25
},
{
  "fields": {
    "action_flag": 1,
    "action_time": "2015-04-17T21:48:12.257Z",
    "object_repr": "AnyFetch",
    "object_id": "1",
    "change_message": "",
    "user": 1,
    "content_type": 7
  },
  "model": "admin.logentry",
  "pk": 26
},
{
  "fields": {
    "action_flag": 1,
    "action_time": "2015-04-17T21:48:18.164Z",
    "object_repr": "Copromatic",
    "object_id": "2",
    "change_message": "",
    "user": 1,
    "content_type": 7
  },
  "model": "admin.logentry",
  "pk": 27
},
{
  "fields": {
    "action_flag": 1,
    "action_time": "2015-04-17T21:48:29.486Z",
    "object_repr": "Kids Ok",
    "object_id": "3",
    "change_message": "",
    "user": 1,
    "content_type": 7
  },
  "model": "admin.logentry",
  "pk": 28
},
{
  "fields": {
    "action_flag": 1,
    "action_time": "2015-04-17T21:48:34.687Z",
    "object_repr": "Kidygo",
    "object_id": "4",
    "change_message": "",
    "user": 1,
    "content_type": 7
  },
  "model": "admin.logentry",
  "pk": 29
},
{
  "fields": {
    "action_flag": 1,
    "action_time": "2015-04-17T21:48:38.852Z",
    "object_repr": "Anona",
    "object_id": "5",
    "change_message": "",
    "user": 1,
    "content_type": 7
  },
  "model": "admin.logentry",
  "pk": 30
},
{
  "fields": {
    "action_flag": 1,
    "action_time": "2015-04-17T21:48:48.659Z",
    "object_repr": "BoostInLyon",
    "object_id": "6",
    "change_message": "",
    "user": 1,
    "content_type": 7
  },
  "model": "admin.logentry",
  "pk": 31
},
{
  "fields": {
    "action_flag": 1,
    "action_time": "2015-04-17T21:49:34.424Z",
    "object_repr": "Ast\u00e9risque Digital",
    "object_id": "7",
    "change_message": "",
    "user": 1,
    "content_type": 7
  },
  "model": "admin.logentry",
  "pk": 32
},
{
  "fields": {
    "action_flag": 1,
    "action_time": "2015-04-17T21:50:14.881Z",
    "object_repr": "Bealder",
    "object_id": "8",
    "change_message": "",
    "user": 1,
    "content_type": 7
  },
  "model": "admin.logentry",
  "pk": 33
},
{
  "fields": {
    "action_flag": 1,
    "action_time": "2015-04-17T21:51:03.574Z",
    "object_repr": "Degust&co",
    "object_id": "9",
    "change_message": "",
    "user": 1,
    "content_type": 7
  },
  "model": "admin.logentry",
  "pk": 34
},
{
  "fields": {
    "action_flag": 1,
    "action_time": "2015-04-17T21:51:14.360Z",
    "object_repr": "Putnami",
    "object_id": "10",
    "change_message": "",
    "user": 1,
    "content_type": 7
  },
  "model": "admin.logentry",
  "pk": 35
},
{
  "fields": {
    "action_flag": 1,
    "action_time": "2015-04-17T21:51:30.221Z",
    "object_repr": "The Place To Bike",
    "object_id": "11",
    "change_message": "",
    "user": 1,
    "content_type": 7
  },
  "model": "admin.logentry",
  "pk": 36
},
{
  "fields": {
    "action_flag": 1,
    "action_time": "2015-04-17T21:51:35.420Z",
    "object_repr": "De Rigueur",
    "object_id": "12",
    "change_message": "",
    "user": 1,
    "content_type": 7
  },
  "model": "admin.logentry",
  "pk": 37
},
{
  "fields": {
    "action_flag": 1,
    "action_time": "2015-04-17T21:51:52.961Z",
    "object_repr": "Flowr",
    "object_id": "13",
    "change_message": "",
    "user": 1,
    "content_type": 7
  },
  "model": "admin.logentry",
  "pk": 38
},
{
  "fields": {
    "action_flag": 1,
    "action_time": "2015-04-17T21:52:02.735Z",
    "object_repr": "Monsieur Gourmand",
    "object_id": "14",
    "change_message": "",
    "user": 1,
    "content_type": 7
  },
  "model": "admin.logentry",
  "pk": 39
},
{
  "fields": {
    "action_flag": 1,
    "action_time": "2015-04-17T21:52:37.435Z",
    "object_repr": "Hugo",
    "object_id": "1",
    "change_message": "",
    "user": 1,
    "content_type": 8
  },
  "model": "admin.logentry",
  "pk": 40
},
{
  "fields": {
    "action_flag": 1,
    "action_time": "2015-04-17T21:52:42.862Z",
    "object_repr": "Matthieu",
    "object_id": "2",
    "change_message": "",
    "user": 1,
    "content_type": 8
  },
  "model": "admin.logentry",
  "pk": 41
},
{
  "fields": {
    "action_flag": 1,
    "action_time": "2015-04-17T21:52:47.481Z",
    "object_repr": "Mehdi",
    "object_id": "3",
    "change_message": "",
    "user": 1,
    "content_type": 8
  },
  "model": "admin.logentry",
  "pk": 42
},
{
  "fields": {
    "action_flag": 1,
    "action_time": "2015-04-17T21:52:52.846Z",
    "object_repr": "R\u00e9mi",
    "object_id": "4",
    "change_message": "",
    "user": 1,
    "content_type": 8
  },
  "model": "admin.logentry",
  "pk": 43
},
{
  "fields": {
    "action_flag": 1,
    "action_time": "2015-04-17T21:52:59.581Z",
    "object_repr": "Antonin",
    "object_id": "5",
    "change_message": "",
    "user": 1,
    "content_type": 8
  },
  "model": "admin.logentry",
  "pk": 44
},
{
  "fields": {
    "action_flag": 1,
    "action_time": "2015-04-17T21:53:07.200Z",
    "object_repr": "Antoine",
    "object_id": "6",
    "change_message": "",
    "user": 1,
    "content_type": 8
  },
  "model": "admin.logentry",
  "pk": 45
},
{
  "fields": {
    "action_flag": 1,
    "action_time": "2015-04-17T21:53:14.247Z",
    "object_repr": "L\u00e9opold",
    "object_id": "7",
    "change_message": "",
    "user": 1,
    "content_type": 8
  },
  "model": "admin.logentry",
  "pk": 46
},
{
  "fields": {
    "action_flag": 1,
    "action_time": "2015-04-17T21:53:24.951Z",
    "object_repr": "Thomas",
    "object_id": "8",
    "change_message": "",
    "user": 1,
    "content_type": 8
  },
  "model": "admin.logentry",
  "pk": 47
},
{
  "fields": {
    "action_flag": 1,
    "action_time": "2015-04-17T21:53:40.541Z",
    "object_repr": "Joanna",
    "object_id": "9",
    "change_message": "",
    "user": 1,
    "content_type": 8
  },
  "model": "admin.logentry",
  "pk": 48
},
{
  "fields": {
    "action_flag": 1,
    "action_time": "2015-04-17T21:53:45.783Z",
    "object_repr": "Jade",
    "object_id": "10",
    "change_message": "",
    "user": 1,
    "content_type": 8
  },
  "model": "admin.logentry",
  "pk": 49
},
{
  "fields": {
    "action_flag": 1,
    "action_time": "2015-04-17T21:53:50.600Z",
    "object_repr": "Carole",
    "object_id": "11",
    "change_message": "",
    "user": 1,
    "content_type": 8
  },
  "model": "admin.logentry",
  "pk": 50
},
{
  "fields": {
    "action_flag": 1,
    "action_time": "2015-04-17T21:54:04.434Z",
    "object_repr": "Benoit",
    "object_id": "12",
    "change_message": "",
    "user": 1,
    "content_type": 8
  },
  "model": "admin.logentry",
  "pk": 51
},
{
  "fields": {
    "action_flag": 1,
    "action_time": "2015-04-17T21:54:14.810Z",
    "object_repr": "Julien",
    "object_id": "13",
    "change_message": "",
    "user": 1,
    "content_type": 8
  },
  "model": "admin.logentry",
  "pk": 52
},
{
  "fields": {
    "action_flag": 1,
    "action_time": "2015-04-17T21:54:25.210Z",
    "object_repr": "JulienE",
    "object_id": "14",
    "change_message": "",
    "user": 1,
    "content_type": 8
  },
  "model": "admin.logentry",
  "pk": 53
},
{
  "fields": {
    "action_flag": 1,
    "action_time": "2015-04-17T21:54:30.613Z",
    "object_repr": "JB",
    "object_id": "15",
    "change_message": "",
    "user": 1,
    "content_type": 8
  },
  "model": "admin.logentry",
  "pk": 54
},
{
  "fields": {
    "action_flag": 1,
    "action_time": "2015-04-17T21:54:38.906Z",
    "object_repr": "Nathan",
    "object_id": "16",
    "change_message": "",
    "user": 1,
    "content_type": 8
  },
  "model": "admin.logentry",
  "pk": 55
},
{
  "fields": {
    "action_flag": 1,
    "action_time": "2015-04-17T21:55:50.331Z",
    "object_repr": "Morgan",
    "object_id": "17",
    "change_message": "",
    "user": 1,
    "content_type": 8
  },
  "model": "admin.logentry",
  "pk": 56
},
{
  "fields": {
    "action_flag": 1,
    "action_time": "2015-04-17T21:56:01.749Z",
    "object_repr": "Fred",
    "object_id": "18",
    "change_message": "",
    "user": 1,
    "content_type": 8
  },
  "model": "admin.logentry",
  "pk": 57
},
{
  "fields": {
    "action_flag": 1,
    "action_time": "2015-04-17T21:56:59.088Z",
    "object_repr": "Alexandre",
    "object_id": "19",
    "change_message": "",
    "user": 1,
    "content_type": 8
  },
  "model": "admin.logentry",
  "pk": 58
},
{
  "fields": {
    "action_flag": 1,
    "action_time": "2015-04-17T21:59:46.189Z",
    "object_repr": "Order object",
    "object_id": "1",
    "change_message": "",
    "user": 1,
    "content_type": 11
  },
  "model": "admin.logentry",
  "pk": 59
}
]
